text,category,priority
"my payment was charged twice please refund",Billing Issue,High
"i was billed incorrectly for last month",Billing Issue,High
"please cancel my subscription and refund",Billing Issue,Medium
"invoice shows wrong amount",Billing Issue,Medium
"i cannot complete my payment transaction",Billing Issue,High
"duplicate charge on my credit card",Billing Issue,Critical
"refund not received after 10 days",Billing Issue,High
"billing statement has wrong details",Billing Issue,Low
"how do i update my payment method",Billing Issue,Low
"i was overcharged for the premium plan",Billing Issue,High
"charged twice for the same order",Billing Issue,Critical
"wrong amount deducted from my account",Billing Issue,High
"refund request pending for 2 weeks",Billing Issue,High
"payment failed but money was deducted",Billing Issue,Critical
"subscription renewed without my consent",Billing Issue,High
"need refund for cancelled order",Billing Issue,High
"billed for service i did not use",Billing Issue,Medium
"credit card charged multiple times",Billing Issue,Critical
"invoice not matching actual usage",Billing Issue,Medium
"payment gateway showing error but charged",Billing Issue,High
"urgent billing issue charged wrong amount",Billing Issue,Critical
"immediate refund needed duplicate payment",Billing Issue,Critical
"transaction failed but amount deducted from bank",Billing Issue,Critical
"wrong plan charged instead of selected plan",Billing Issue,High
"auto renewal charged without notification",Billing Issue,High
"promo discount not applied to invoice",Billing Issue,Medium
"unable to download invoice from portal",Billing Issue,Low
"my app keeps crashing on startup",Technical Problem,Critical
"unable to login getting error 500",Technical Problem,Critical
"the software is not responding",Technical Problem,High
"getting null pointer exception in the app",Technical Problem,High
"api integration is not working",Technical Problem,High
"website is down cannot access dashboard",Technical Problem,Critical
"data not syncing between devices",Technical Problem,Medium
"export feature is broken",Technical Problem,Medium
"notification system not working properly",Technical Problem,Medium
"search functionality returns wrong results",Technical Problem,Medium
"app crashes when uploading files",Technical Problem,High
"database connection timeout error",Technical Problem,Critical
"login page not loading",Technical Problem,High
"email verification link not working",Technical Problem,Medium
"cannot install the software on windows",Technical Problem,Medium
"server returning 404 error on all pages",Technical Problem,Critical
"mobile app freezing after latest update",Technical Problem,High
"cannot upload documents to the portal",Technical Problem,High
"dashboard graphs not loading properly",Technical Problem,Medium
"integration with third party tool broken",Technical Problem,High
"system throws error when saving data",Technical Problem,High
"api returns empty response",Technical Problem,High
"application memory leak causing slowdown",Technical Problem,Critical
"file download not working",Technical Problem,Medium
"push notifications not being received",Technical Problem,Medium
"application crashes consistently with pdf and image files",Technical Problem,Critical
"app freezes and crashes when uploading files",Technical Problem,High
"upload feature causes app to crash every time",Technical Problem,High
"file upload crashes application affecting my work",Technical Problem,High
"system crashes when selecting files to upload",Technical Problem,Critical
"app not responding after file upload attempt",Technical Problem,High
"crashes consistently on upload urgent issue",Technical Problem,Critical
"application freezes on file upload cannot complete work",Technical Problem,High
"app crash on upload pdf image files tried clearing cache",Technical Problem,High
"software crashes every time i try to upload a document",Technical Problem,High
"critical bug app crashes on every file upload",Technical Problem,Critical
"urgent app keeps freezing when uploading files",Technical Problem,Critical
"app crash affecting work productivity urgent fix needed",Technical Problem,Critical
"persistent crash on upload tried different browsers",Technical Problem,High
"application not stable crashes frequently on upload",Technical Problem,High
"bug report app freezes crashes during file upload process",Technical Problem,High
"upload button causes full application crash every time",Technical Problem,Critical
"cannot upload any files app crashes immediately",Technical Problem,Critical
"file upload broken app freezes tried multiple browsers",Technical Problem,High
"two factor authentication code not working",Technical Problem,High
"sso login failing with error message",Technical Problem,High
"data export button not responding",Technical Problem,Medium
"report generation taking too long or timing out",Technical Problem,High
"graph charts not rendering in dashboard",Technical Problem,Medium
"email alerts not being triggered",Technical Problem,Medium
"webhook integration throwing 500 error",Technical Problem,High
"api key not working after regeneration",Technical Problem,High
"mobile app showing blank screen after login",Technical Problem,Critical
"please reset my account password",Account Management,Medium
"i want to change my email address",Account Management,Low
"how do i delete my account permanently",Account Management,Medium
"account has been locked out",Account Management,High
"need to update my profile information",Account Management,Low
"cannot access my account after migration",Account Management,High
"please merge two accounts into one",Account Management,Medium
"account was hacked need help",Account Management,Critical
"how do i change my username",Account Management,Low
"need to transfer account ownership",Account Management,Medium
"two factor authentication not working",Account Management,High
"account suspended without any reason",Account Management,High
"need to update billing address on account",Account Management,Low
"forgot security question answer",Account Management,Medium
"account locked after multiple failed attempts",Account Management,High
"need to add team member to account",Account Management,Low
"remove old email from account",Account Management,Low
"account verification email not received",Account Management,Medium
"need to change account plan",Account Management,Medium
"unauthorized login detected on my account",Account Management,Critical
"account hacked urgent security breach",Account Management,Critical
"cannot access account after password reset urgent",Account Management,High
"need to update phone number on account",Account Management,Low
"how do i change my account language",Account Management,Low
"account profile picture not updating",Account Management,Low
"need to revoke access for former employee",Account Management,High
"account deactivated without warning",Account Management,High
"please add dark mode to the application",Feature Request,Low
"would love to see bulk export functionality",Feature Request,Low
"can you add multi language support",Feature Request,Low
"requesting calendar integration feature",Feature Request,Low
"please add mobile app support",Feature Request,Medium
"need api access for enterprise plan",Feature Request,Medium
"requesting advanced analytics dashboard",Feature Request,Low
"can you add keyboard shortcuts",Feature Request,Low
"please add custom notification settings",Feature Request,Low
"would like to see team collaboration feature",Feature Request,Medium
"requesting integration with slack",Feature Request,Low
"need offline mode for the application",Feature Request,Medium
"please add data import from excel",Feature Request,Low
"requesting custom report generation",Feature Request,Medium
"add support for multiple currencies",Feature Request,Low
"please introduce drag and drop interface",Feature Request,Low
"need webhook support for automation",Feature Request,Medium
"add two factor authentication option",Feature Request,Medium
"requesting bulk user management feature",Feature Request,Medium
"add option to schedule reports",Feature Request,Low
"feature request add dark mode to dashboard",Feature Request,Low
"enhancement needed for user interface design",Feature Request,Low
"request feature to customize dashboard layout",Feature Request,Medium
"please add export to pdf feature in reports",Feature Request,Medium
"feature request for multi language support",Feature Request,Low
"need new feature for bulk data upload",Feature Request,Medium
"request to add notification preferences feature",Feature Request,Low
"enhancement required for better user experience",Feature Request,Low
"feature request to integrate with google drive",Feature Request,Medium
"please add advanced filtering feature in dashboard",Feature Request,Low
"request new feature for report scheduling",Feature Request,Medium
"enhancement to improve navigation and usability",Feature Request,Low
"need feature for auto save functionality",Feature Request,Medium
"feature request add team collaboration tools",Feature Request,Medium
"request feature to download reports in excel format",Feature Request,Low
"please introduce drag and drop feature",Feature Request,Low
"enhancement needed for mobile responsiveness",Feature Request,Medium
"feature request for custom dashboard widgets",Feature Request,Low
"add feature to track user activity logs",Feature Request,Medium
"request feature for real time notifications",Feature Request,Medium
"i want dark theme option in settings",Feature Request,Low
"can you add a night mode to reduce eye strain",Feature Request,Low
"please add dark background option for the app",Feature Request,Low
"suggestion to add dark ui theme",Feature Request,Low
"would like to have dark mode in mobile app",Feature Request,Low
"request for color theme customization in dashboard",Feature Request,Low
"add option to switch between light and dark mode",Feature Request,Low
"please support system default dark mode setting",Feature Request,Low
"add dark mode toggle in user preferences",Feature Request,Low
"suggestion add dark theme for better readability",Feature Request,Low
"i want to customize the app color scheme",Feature Request,Low
"requesting ui theme options for the platform",Feature Request,Low
"add ability to change font size in app",Feature Request,Low
"request feature to personalize dashboard appearance",Feature Request,Low
"want option to hide or show sidebar",Feature Request,Low
"requesting a compact view mode for the dashboard",Feature Request,Low
"please add print friendly view for reports",Feature Request,Low
"need option to pin favorite reports to top",Feature Request,Low
"how do i export my data",General Query,Low
"what are the system requirements",General Query,Low
"how does the pricing plan work",General Query,Low
"what is the difference between plans",General Query,Low
"how do i contact support team",General Query,Low
"where can i find documentation",General Query,Low
"what payment methods are accepted",General Query,Low
"is there a free trial available",General Query,Low
"how do i upgrade my plan",General Query,Low
"what are your business hours",General Query,Low
"how do i track my order",General Query,Low
"do you offer student discounts",General Query,Low
"how do i cancel my account",General Query,Medium
"where do i find my invoice history",General Query,Low
"how many users can i add to my plan",General Query,Low
"what is the data retention policy",General Query,Low
"do you offer enterprise pricing",General Query,Low
"how do i download my data",General Query,Low
"what browsers are supported",General Query,Low
"how do i refer a friend",General Query,Low
"what is the maximum file size i can upload",General Query,Low
"how do i change notification settings",General Query,Low
"is my data secure on your platform",General Query,Low
"how long is the free trial period",General Query,Low
"do you have a mobile application",General Query,Low
"how do i share a report with my team",General Query,Low
"what file formats are supported for import",General Query,Low
"can i use the platform without internet",General Query,Low
"how do i set up my account for the first time",General Query,Low
"what is the refund policy",General Query,Low
"how do i get technical support",General Query,Low
"is there a limit on number of tickets i can submit",General Query,Low
"how do i view my subscription details",General Query,Low
"can i have multiple users on one account",General Query,Low
"where can i find release notes and updates",General Query,Low